,image_location,image_name,deep_web_tags,content,formatted_content
0,C:\Users\20522516\phd\RESEARCH\CYBER_DATASETS\DATASET_DEEP_WEB\folder_0\abounding-likeable-bizarre-fact.png,abounding-likeable-bizarre-fact.png,"['drugs-narcotics', 'LoginForms']", Dream Market Register Login 2FA Login Ichudifyeqm 4ldjj.onion Established 2013 Login with existing user Username Onion mirrors [ t3e6ly3uib5qljlt.onion Password verified wdsgtsqkk5sk5zmqr4pc2lqdox fwgrjvw2155kloczhqq3nvr3bm Captcha Code (?) 3wyd.onion Please enter the 4 letters surrounded by the box (case sensitive). jd6yhuwciouty6gn.onion Please check always that you are on the correct url. t3e6ly3uoey6x4uk.onion 7ep7acrklcmbmg6t.onion 1chudi fyeqm 41djj . onion vilpaqbrntihapth.onion igyifrhnvzla4gok.onion 7a xHse 6qlocfg6zqg476re.onion x3x2dwb7jigc7qoj.onion bkjcpa2kqozbrpqp.onion Login xytjqcfepytpi72g.onion nhib6cwhyjsdfcsi.onion Sign up k3pd243sr2rfbaho.onion PGP authentication Choose one of the I lost my password links above if the site is loading too slow. C. Forum Help Copyright @ 2013 by SpeedSteppers , dream market register login fa login ichudifyeqm ldjjonion established login with existing user username onion mirror telyuibqljltonion password verified wdsgtsqkkskzmqrpclqdox fwgrjvwkloczhqqnvrbm captcha code wydonion please enter the letter surrounded by the box case sensitive jdyhuwcioutygnonion please check always that you are on the correct url telyuoeyxukonion epacrklcmbmgtonion chudi fyeqm djj onion vilpaqbrntihapthonion igyifrhnvzlagokonion a xhse qlocfgzqgreonion xxdwbjigcqojonion bkjcpakqozbrpqponion login xytjqcfepytpigonion nhibcwhyjsdfcsionion sign up kpdsrrfbahoonion pgp authentication choose one of the i lost my password link above if the site is loading too slow c forum help copyright by speedsteppers 
1,C:\Users\20522516\phd\RESEARCH\CYBER_DATASETS\DATASET_DEEP_WEB\folder_0\faulty-subdued-absorbed-girlfriend.png,faulty-subdued-absorbed-girlfriend.png,['whistleblower']," It is recommended to use the Tor Browser to access SecureDrop: Learn how to install it, or ignore this warning to continue. X Submit for the first Already submitted time something? nI'K If this is your first time submitting to If you have already submitted to journalists, start here. journalists, log in here to check for responses. & SUBMIT CHECK FOR A DOCUMENTS RESPONSE @English V Like all software, SecureDrop may contain security bugs. Use at your own risk. Powered by SecureDrop 0.12.2. ", it is recommended to use the tor browser to access securedrop learn how to install it or ignore this warning to continue x submit for the first already submitted time something nik if this is your first time submitting to if you have already submitted to journalist start here journalist log in here to check for response submit check for a document response english v like all software securedrop may contain security bug use at your own risk powered by securedrop 
2,C:\Users\20522516\phd\RESEARCH\CYBER_DATASETS\DATASET_DEEP_WEB\folder_0\abortive-trashy-deserted-sun.png,abortive-trashy-deserted-sun.png,['LoginForms'], Dream Market Register Login 2FA Login Ichudifyeqm 4ldjj.onion Established 2013 Login with existing user Username Onion mirrors [ t5kqoucj5kbboheh.onion Password verified wdsgtsqkk5sk5zmqr4pc2lqdox fwgrjvw2i55kloczhqq3nvr3bm Captcha Code (?) 3wyd.onion Please enter the 4 letters surrounded by the box (case sensitive). jd6yhuwcivehvdt4.onion Please check always that you are on the correct url. t3e6ly3uoif4zcw2.onion 7ep7acrkunzdcw3l.onion 1chudi fyeqm41djj . onion vilpaqbrnvizecjo.onion igyifrhnvxq33sy5.onion f7 aKri 6qlocfg6zq2kyacl.onion x3x2dwb7jasax6tq.onion bkjcpa2klkkmowwq.onion Login xytjqcfendzeby22.onion nhib6cwhfsoyiugv.onion Sign up k3pd243s57fttnpa.onion PGP authentication Choose one of the I lost my password links above if the site is loading too slow. C. Forum Help Copyright @ 2013 by SpeedSteppers , dream market register login fa login ichudifyeqm ldjjonion established login with existing user username onion mirror tkqoucjkbbohehonion password verified wdsgtsqkkskzmqrpclqdox fwgrjvwikloczhqqnvrbm captcha code wydonion please enter the letter surrounded by the box case sensitive jdyhuwcivehvdtonion please check always that you are on the correct url telyuoifzcwonion epacrkunzdcwlonion chudi fyeqmdjj onion vilpaqbrnvizecjoonion igyifrhnvxqsyonion f akri qlocfgzqkyaclonion xxdwbjasaxtqonion bkjcpaklkkmowwqonion login xytjqcfendzebyonion nhibcwhfsoyiugvonion sign up kpdsfttnpaonion pgp authentication choose one of the i lost my password link above if the site is loading too slow c forum help copyright by speedsteppers 
3,C:\Users\20522516\phd\RESEARCH\CYBER_DATASETS\DATASET_DEEP_WEB\folder_0\past-high-gigantic-western.png,past-high-gigantic-western.png,"['marketplace-for-sale', 'drugs-narcotics']"," Dream Market Register Login 2FA Login Ichudifyeqm 4ldjj.onion Established 2013 This market is shutting down on 04/30/2019 and is transferring its -- Onion mirrors [ services to a partner company, onion address: weroidjkazxqds2l.onion 4fli55dqu7k6p5cz.onion (currently offline, opening soon) verified wdsgtsqkk5sk5zmqr4pc2lqdox fwgrjvw2i55kloczhqq3nvr3bm 3wyd.onion jd6yhuwcivehvdt4.onion C. t3e6ly3uoif4zcw2.onion 7ep7acrkunzdcw3l.onion vilpaqbrnvizecjo.onion igyifrhnvxq33sy5.onion 6qlocfg6zq2kyacl.onion x3x2dwb7jasax6tq.onion bkjcpa2klkkmowwq.onion xytjqcfendzeby22.onion nhib6cwhfsoyiugv.onion k3pd243s57fttnpa.onion Choose one of the links above if the site is loading too slow. Forum Help Copyright @ 2013 by SpeedSteppers ", dream market register login fa login ichudifyeqm ldjjonion established this market is shutting down on and is transferring it onion mirror service to a partner company onion address weroidjkazxqdslonion flidqukpczonion currently offline opening soon verified wdsgtsqkkskzmqrpclqdox fwgrjvwikloczhqqnvrbm wydonion jdyhuwcivehvdtonion c telyuoifzcwonion epacrkunzdcwlonion vilpaqbrnvizecjoonion igyifrhnvxqsyonion qlocfgzqkyaclonion xxdwbjasaxtqonion bkjcpaklkkmowwqonion xytjqcfendzebyonion nhibcwhfsoyiugvonion kpdsfttnpaonion choose one of the link above if the site is loading too slow forum help copyright by speedsteppers 
4,C:\Users\20522516\phd\RESEARCH\CYBER_DATASETS\DATASET_DEEP_WEB\folder_0\earthy-defiant-ahead-queen.png,earthy-defiant-ahead-queen.png,['finance']," X96NBF0561N6UD HGZL8 :30908 EA 1 7974 ARXT Y 9811G)UD601 NORRXT BA 9BLIGIU X96MBFO 088 Y073J W BXPX8260YJ 07088LL04 MJT56FG0230 9HCS46V5237V8854 56YSUEORGBON 9 HC BuyPrivKey 93 193937 119 Y A48 AMFLOR 41750347 RW10 15P4652WF23NINGRIE AHWA GD 5HV AXNL BOL 2 28370 KG W1KG 17 R6 4E50 8WDLIQ JH48 48 82 48 5 2 9 77 6 TONOB4A 5 X452 72P12 1 3KM1.4VEL N491|6A2 ZEC ONSE HG 0082378 9X12 WE7029P.481 4 2X930 2H JOB 1VBS.C3PE4U68 WH7029P.4 3ZV 20 012HXH 2GNITD 5:00 Y MI 044 2GN TD SL1 91343802 JAI J4 7SABED1 51 4DC TOB 0811 220H PAGRTL UR97 0ZX YT2 E. EHCX9 00 6JL 68 79VT W3IP50J2 EHCX9H9A00 6JL(2) AW You want to buy the private key of the next Bitcoin Address 40 NY 1BD 6486VBD2 HN F4Y361 1KiwrKyV606ZrGxDH7Cu3yN2LqhdWfiz2p HN K48 3E761EZ5122HXC BR10 02 A90 ABE8JMBIA2FOU1CSH5K48ORJE 76TEZ 1PW07PD EBBGKR F37-304V9T DDI. 1288400SRJ4U9D R Bitcoin Address Balance BD 3AW PY40 8 5X440 GOR RTVTY7 LE 509 I HXUVY YT1 EYTI 67016 CA KS 0.45084084 btc Y 50 A 7D F2 4432 JJGS 03DMX16D QY54 3N2 792 513 PHARO NPX OWYN7M3N20 TBHBORN 60XF9 R4NGON064TH3E68G1 V DO? GONS84G9088 Y508 23097 4262| BHBOHHMX 60XF9 144% SW622VDJ B HA Price 04990KWO F 3DIGUN 12KWSVY H YF6HK. YM 68 YF6HK YM 5 X 95N87 UNCFU 65 UNCFU 65 456PC4 CAABE ZVVES: Q450B 9 V P 683 YF6HK. YM BA715CT0 G301 75B80997 UJA! A1838 7Vb14208 ABH 0.023 btc UKK 868 50(DOHQ VG1213A7 5010:03017-88099 VEUX 5RL FMO EG92 RO KERX31723 7P4.06575M RO KERX 31 YUDXW9ZO (IMCANNXOBYC VEU 5RL FMO EG92 OBDQUIMG4TY BT NIAOR DE XIR7Y637UA4 9T215 FOOMP YWOW1V85T BDON IMGATYPBT NIA IR 04DC2F3012520708) HB712305H4785 KG43| IR RM7YOX3 174 TAGUETOIR 046C2F301 2520708 AF8YBF30572ELEYS5 0 925F20BLK75818 WDC 925F TWD First enter your email 03RIVX JAF8YBF30572ELEYSS R2BI7 040A6 95 /USBALODI O DEQQPT WS R2BI7 040A6 95 797 1346 DIN351 email@example.com FID 2EMA 346. DINJ51 991 NDBOUOYFSO 26H 601M6DX8 8 22 9991 NDBOUOYFSO 26H ADXUJIKNL 4L 205PZSU 7ME 13/ 04G GOXT HM ADKIJKNL 4L205PZSU YY GOE3 F 7HHFX1 7KWO IU8 C 4UID H 68 52R Y2 1 1U8 C 088 S 349LG367D YY GOE3 F 7HHFX1 7KW KI 9H51 2 511 687TU D822 16M LVR5 VBVOS3KWUKI 9H51 BOHAD 3 URGEFNO D -2SIW 5640 YFS BOHAD 3 BURGEIN HOARXT BA X96NBF05UINGUD HGZL8 :30908 9811GIUD601. NORRXT BA X96MB FO 7V8854 56Y5UEORG8CN2369 Y073J W BX Continue payment 30230 9HCS46V5237V8854 86YSUEORGBCN 3NINGRIE AHWA GD 5HVSEN00EN 38 450937111 USCI5P4652WF23NINGHIE SAHWA HOD 5HV R6 4E50 8WDLID :74Y 9P =6Z BAIDAN 718M2 2837GH W1KG 17 R6 4E50 8WDL10 174 N4916A2 RDR8G 82 48 5 FX452 7PP12 X452 3KM1 .JOB 1VBSY(3PE4U68 6. DE 02 ZEC ONSE G 24B1 4 2X030 2H JOB 1V8SYC3PE4U68 SABED1951 4DC 3ZV U SK920 3ZV HXH 5 SL""J 91343802 JAI J4 7SABED1 51 4DC 91343802 SA H9700 6JL (2) NY BD 6486VBE Images from Electrum wallet: 300 Electrum 3.0.6 - 1KiwrKyV606ZrGxDH7Cu3yN2LqhdWfiz2p History Send Receive Addresses Date Description Amount Balance 2017-05-07 02:01 0. 00524655 0.45084084 13N 2016-11-15 23:35 0.04302621 0.45608739 MX OXF9 2016-11-12 03:34 0.02902743 0.4991136 2016-11-11 19:20 0.29502637 0.52814103 YF6HK. YM 5 2016-06-25 11:46 +0.00013404 0.8231674 G3017CB8039 FMO EG92 2016-06-10 01:38 +0.00005524 0.82303336 2016-06-09 16:19 +0.00020219 0.82297812 2016-06-07 20:59 +0.00042022 0.82277593 2016-03-03 04:01 +0.00035114 0.82235571 2016-01-02 11:16 +0.00058749 0.82200457 GOE3 F17H 2015-12-09 01:06 +0.00041441 0.82141708 9H51 2015-12-07 15:59 +0.00117648 0.82100267 BOHAD 3 2015-12-04 14:24 +0.00095768 0.81982619 HORRXT BA 7V8854 5675U 2015-12-03 08:28 +0.00006135 0.81886851 +0.00135978 YSUEORGBCN NINGRIE SAHWA 2015-11-24 04:23 0.81880716 R6 4E50 8WD Balance: 0.45084084 BTC JOB IVBSYC SABEDI JJ2 EHCX9H9A00 JT 19 30TDCR40 O Private key WOH WY NY 1BD 6486VBD2) R 4 Address: 1KiwrKyV606ZrGxDH7Cu3yN2LqhdWfiz2p UK 3W HN F4YJ61505 Script type: p2pkh OH1CSH5K48ORJE761EZ51 IEZ517 2N98 MTOA BH8 45W07 RD Private key: 35A4 BAC 380 38 JI 7D 4PY40 5HtZUC BCYKPyUG DMX16D QY5404509 I H E1 JO OWYN7M3N2025 X78 BHE 40G21BHBORHMX 60XF9 12KWSVY H P 68 YF6HK. YM 5 X 9 V P 68 YF6HK YM A7 5CTO""G3017-B80997 198715CT0 G3017 B8039 VEUX 5RL FMO EG92 VEUX 5RL FMO EG92 OBDQUIMG4TY BT NIAOR BDQUIMGATY BT NIAJE IR 04DC2F3 01 252 0 708) WHE OIR:04DC2F301252 0708) AF8YBF30572ELEYSS 0 F8YBF30572ELEYSS R2BI7 040A6 95 7USB WS R2BI7 040A6 957 DYNJ51 C8 72L A 346. DINJ51 08 721 991 NDBOUOYFSO 268 6017 9991 NDBOUOYFSO 268 60 ADKIJKNL 4L 205PZSU 7ME YY GOE3 F 7HHFX1 7KWO close MADKIJKNL4L2D5PZSU YY GOE3 F 7HHFX1 7KW KI 9H51 UK1 9851 51 YFOR BOHAD 3 1 UE51 URGE NO97 1 UESL 9KKNV YP YPOR BOHAD 3 FORGEIN HOARXT B X96MBF05UINGUD HGZL8 :30908 HORRXTOBA X96MB FO 37V8854 56YSUEORG8CN2369 Y 073J W BXPX826 5237V8854 56YSUEORGBCN NGRIESAHWA BENQEN 38 458937 A4B F23NINGRIE SAHWA AGD 5HV R6-4E50 8WDLIQ 4Y 9P =6Z BAIONA 718M3A R6 4E50 8WDLIQ ", xnbfnud hgzl ea arxt y gud norrxt ba bligiu xmbfo yj w bxpxyj ll mjtfg hcsvv ysueorgbon hc buyprivkey y a amflor rw pwfningrie ahwa gd hv axnl bol kg wkg r e wdliq jh tonoba x p kmvel na zec onse hg x wep x h job vbscpeu whp zv hxh gnitd y mi gn td sl jai j sabed dc tob h pagrtl ur zx yt e ehcx jl vt wipj ehcxha jl aw you want to buy the private key of the next bitcoin address ny bd vbd hn fy kiwrkyvzrgxdhcuynlqhdwfizp hn k eezhxc br a abejmbiafoucshkorje tez pwpd ebbgkr fvt ddi srjud r bitcoin address balance bd aw py x gor rtvty le i hxuvy yt eyti ca k btc y a d f jjgs dmxd qy n pharo npx owynmn tbhborn xf rngontheg v do gonsg y bhbohhmx xf swvdj b ha price kwo f digun kwsvy h yfhk ym yfhk ym x n uncfu uncfu pc caabe zvves qb v p yfhk ym bact g b uja a vb abh btc ukk dohq vga veux rl fmo eg ro kerx pm ro kerx yudxwzo imcannxobyc veu rl fmo eg obdquimgty bt niaor de xiryua t foomp ywowvt bdon imgatypbt nia ir dcf hbh kg ir rmyox taguetoir cf afybfeleys fblk wdc f twd first enter your email rivx jafybfeleyss rbi a usbalodi o deqqpt w rbi a din emailexamplecom fid ema dinj ndbouoyfso h mdx ndbouoyfso h adxujiknl l pzsu me g goxt hm adkijknl lpzsu yy goe f hhfx kwo iu c uid h r y u c s lgd yy goe f hhfx kw ki h tu d m lvr vbvoskwuki h bohad urgefno d siw yfs bohad burgein hoarxt ba xnbfuingud hgzl giud norrxt ba xmb fo v yueorgcn yj w bx continue payment hcsvv ysueorgbcn ningrie ahwa gd hvsenen uscipwfninghie sahwa hod hv r e wdlid y p z baidan m gh wkg r e wdl na rdrg fx pp x km job vbsypeu de zec onse g b x h job vsycpeu sabed dc zv u sk zv hxh slj jai j sabed dc sa h jl ny bd vbe image from electrum wallet electrum kiwrkyvzrgxdhcuynlqhdwfizp history send receive address date description amount balance n mx oxf yfhk ym gcb fmo eg goe fh h bohad horrxt ba v u ysueorgbcn ningrie sahwa r e wd balance btc job ivbsyc sabedi jj ehcxha jt tdcr o private key woh wy ny bd vbd r address kiwrkyvzrgxdhcuynlqhdwfizp uk w hn fyj script type ppkh ohcshkorjeez iez n mtoa bh w rd private key a bac ji d py htzuc bcykpyug dmxd qy i h e jo owynmn x bhe gbhborhmx xf kwsvy h p yfhk ym x v p yfhk ym a ctogb ct g b veux rl fmo eg veux rl fmo eg obdquimgty bt niaor bdquimgaty bt niaje ir dcf whe oirdcf afybfeleyss fybfeleyss rbi a usb w rbi a dynj c l a dinj ndbouoyfso ndbouoyfso adkijknl l pzsu me yy goe f hhfx kwo close madkijknlldpzsu yy goe f hhfx kw ki h uk yfor bohad ue urge no uesl kknv yp ypor bohad forgein hoarxt b xmbfuingud hgzl horrxtoba xmb fo v ysueorgcn y j w bxpx v ysueorgbcn ngriesahwa benqen ab fningrie sahwa agd hv re wdliq y p z baiona ma r e wdliq 
5,C:\Users\20522516\phd\RESEARCH\CYBER_DATASETS\DATASET_DEEP_WEB\folder_0\anxious-level-distinct-senior.png,anxious-level-distinct-senior.png,"['drugs-narcotics', 'marketplace-for-sale']"," You're viewing: 0.5g Heroin #4 1 Lab tested USA stock $45.00 ***** Add to cart WER a search products ... Shop My account Submit Ticket My Tickets $0.00 0 items Read me 1 > 0.5g Heroin #4 El Lab tested # USA stock Legal 0.5g Heroin #4 XI Lab tested X) USA stock ***** (20 customer reviews $45.00 Very strong and genuine Afghan sourced #4 Heroin. Our heroin is uncut and comes directly to you. There is no fentanyl, or any other active cut. Extremely potent and dose depends on individuals' tolerance. Each batch of goods is tested in the laboratory for compliance with high quality standards. You can see the purity of the product from the current batch. rity of the current batch: 84.14% Grams / Total cost / Price per gram .5g/ $45 / $90 g / $70 .5g / $227.5 / $65 3/ 5420/ $60 148/ $770/ $55 1 . Add to car Category: Her 20 reviews for 0.5g Heroin #4 X Lab tested x USA stock thanks bro . ***** immediate delivery, great product, always good to work with professionals and true to their word Excellent, as usual, timing, stealth, and quality all excellent. These guys are top notch! ***** Now THIS is QUALITY! A little clumpy, but brown colored gun powder! I was nodding after just sampling a bit! And for the price? Really hard to justify going anywhere elsewhere, hope Legalise stays around for a long time to come! ***** I've left numerous thorough reviews on this specific product/vendor. Another A+ * 5/5 * Top Shelf transaction from my favorite vendor around. Thank you Legalise! ***** GREAT STEALTH and that's how ALL Vendors NEED to do for all packs! Dont kid yourself, our lives are on the line with these packs and crappy packing gets people in serious trouble! Thanks for caring enough to pack my shit properly! This is my kind of DN Vendor here! Thank you!!! ***** order to delivery speed incredible. Quality on point as usual. Consistent. Very ***** t of the best, it simply cant get better ***** 5 stars as always ***** ***** Very nice, Thanks! ***** Awesome vendor, look no further! Awesome product! Best ever!! ***** Incredible consistency in speed and quality . My one and only vendor. ***** This the A+, Five out of Five, All Day Errday, Any Time Any Place guy right here. Honestly if you have something bad to say about this vendor then you are a fucking ass clown. Doesn't get better than right here and that's the truth. **** Great service as always ! ***** Guys are the best, set your watch by it, great communication, no drama, just point, click and magic it appears next day, got to love it, makes Amazon look slow, guys are the best ***** Arrived in 2 days! 3rd successful transaction through this vendor each time with quality product! This stuff doesn't have the greatest rush however my tolerance is a little high right now as well. But it still has a strong fade with legs. And the 2 days? Awesome! He hooked it up extra also. L Perfect transaction again ! Thanks ! beloved vendor pp Notch! Only logged in customers who Related products 3.5g Heroin #4 1 Lab tested > USA stock 7g Heroin #4 I Lab tested & USA stock #4 8 Lab tested & USA st ***** ***** ***** 9 reviews $227.50 SA20:00 3 reviews $770.00 Add to cart Add to cart Add to cart 100% client 0100 Best Stealth Quality 1101 User data satisfaction solutions guaranteed 1001 encryption We accept Recent Reviews 3.5g Ketamine S(+) Isomer B Lab tested D USA stock ***** 10/5 cant say enough how lucky I am to have stumbled across this vendor! K is phenomenal. Fast ship and ... 3.5g Crystal Meth & Lab tested & USA stock You can find us here: ***** My new plug A+ no complaints Wall"" Market 7g MDMA Crystals I Lab tested @ USA stock heat vendor. Good shipping speed, great product. Almost 0.5g overweight. Thanks Dream Market 0.5g Heroin #4 2 Lab tested @ USA stock ***** Top Notch!! 3.5g Ketamine S(+) Isomer @ Lab tested DI USA stock ***** Vendor needed an extra day to ship out but he kept comms great and the shipment is on its way .... ", youre viewing g heroin lab tested usa stock add to cart wer a search product shop my account submit ticket my ticket item read me g heroin el lab tested usa stock legal g heroin xi lab tested x usa stock customer review very strong and genuine afghan sourced heroin our heroin is uncut and come directly to you there is no fentanyl or any other active cut extremely potent and dose depends on individual tolerance each batch of good is tested in the laboratory for compliance with high quality standard you can see the purity of the product from the current batch rity of the current batch gram total cost price per gram g g g add to car category her review for g heroin x lab tested x usa stock thanks bro immediate delivery great product always good to work with professional and true to their word excellent a usual timing stealth and quality all excellent these guy are top notch now this is quality a little clumpy but brown colored gun powder i wa nodding after just sampling a bit and for the price really hard to justify going anywhere elsewhere hope legalise stay around for a long time to come ive left numerous thorough review on this specific productvendor another a top shelf transaction from my favorite vendor around thank you legalise great stealth and thats how all vendor need to do for all pack dont kid yourself our life are on the line with these pack and crappy packing get people in serious trouble thanks for caring enough to pack my shit properly this is my kind of dn vendor here thank you order to delivery speed incredible quality on point a usual consistent very t of the best it simply cant get better star a always very nice thanks awesome vendor look no further awesome product best ever incredible consistency in speed and quality my one and only vendor this the a five out of five all day errday any time any place guy right here honestly if you have something bad to say about this vendor then you are a fucking as clown doesnt get better than right here and thats the truth great service a always guy are the best set your watch by it great communication no drama just point click and magic it appears next day got to love it make amazon look slow guy are the best arrived in day rd successful transaction through this vendor each time with quality product this stuff doesnt have the greatest rush however my tolerance is a little high right now a well but it still ha a strong fade with leg and the day awesome he hooked it up extra also l perfect transaction again thanks beloved vendor pp notch only logged in customer who related product g heroin lab tested usa stock g heroin i lab tested usa stock lab tested usa st review sa review add to cart add to cart add to cart client best stealth quality user data satisfaction solution guaranteed encryption we accept recent review g ketamine s isomer b lab tested d usa stock cant say enough how lucky i am to have stumbled across this vendor k is phenomenal fast ship and g crystal meth lab tested usa stock you can find u here my new plug a no complaint wall market g mdma crystal i lab tested usa stock heat vendor good shipping speed great product almost g overweight thanks dream market g heroin lab tested usa stock top notch g ketamine s isomer lab tested di usa stock vendor needed an extra day to ship out but he kept comms great and the shipment is on it way 
6,C:\Users\20522516\phd\RESEARCH\CYBER_DATASETS\DATASET_DEEP_WEB\folder_0\abhorrent-knowing-bitter-swim.png,abhorrent-knowing-bitter-swim.png,"['credit-card', 'forum']"," CARDING TEAM } Forum Upgrade Ad Advertising abbbb Lurker Joined: Apr 11, 2019 Messages Reaction score 3 Find Profile posts Latest activity Postings About There are no messages on abbbb's profile yet. ", carding team forum upgrade ad advertising abbbb lurker joined apr message reaction score find profile post latest activity posting about there are no message on abbbbs profile yet 
7,C:\Users\20522516\phd\RESEARCH\CYBER_DATASETS\DATASET_DEEP_WEB\folder_0\physical-miniature-unable-soup.png,physical-miniature-unable-soup.png,['information-sharing-reportage']," mediagoblin Search Log in Browsing media by pirata + newer older -> O Page: + Automatic Zoom + Added 11 months ago Tagged with Redes · Tecnologia de Gestão · Ativismo . Trabalho Imaterial . metareciclagem Collected in Livros (pirata) Report media License CC BY 3.0 Download Original file Tecnologia de gestão, ativismo em rede e tecnopolítica: uma narrativa Resumo As ações em rede se dão em processos nos quais a tecnologia de gestão está configurada para um novo valor-trabalho, imaterial, que torna indistinguíveis nas práticas campos antes claramente separáveis como lazer-trabalho, ativismo-business ou acadêmicos-praticantes, dentre outros. O objetivo deste artigo é apresentar uma narrativa da construção de uma rede tecnopolítica atuante nas relações entre tecnologias, cultura e ciência no Brasil. Para tanto, operou-se metodologicamente com a construção social da tecnologia - SCOT, observação participante e manipulação de corpus linguístico. A título de resultados tem-se uma narrativa sobre a rede caracterizando os grupos envolvidos, suas interpretações e uma estrutura de sentidos que faz a rede. Conclui-se propondo reflexões sobre as condições de possibilidade de vida frente à ubiquidade da tecnologia de gestão praticamente invisível e não percebida pelos atuantes em rede. Abstract Network actions takes place within processes in which management technology is configured to a new work-value, immaterial, that makes indistinguishable in practice previously clearly separable fields such as leisure-work, activism-business or academic- practitioners, among others. The objective of this article is to present a narrative of the construction of a technopolitical network that acted in the relations between technologies, culture and science in Brazil. The methodological approach draws on the social construction of technology - SCOT, participant observation and manipulation of linguistic corpus. As a result the narrative characterizes the groups involved in the process, their interpretations and a structure of meanings that makes sense of the network. The conclusion proposes reflections on the conditions of possibility of life in front of the ubiquity of the management technology practically invisible and not perceived by the network actors. Powered by MediaGoblin, a GNU project. Released under the AGPL. Source code available. ", mediagoblin search log in browsing medium by pirata newer older o page automatic zoom added month ago tagged with redes tecnologia de gestão ativismo trabalho imaterial metareciclagem collected in livros pirata report medium license cc by download original file tecnologia de gestão ativismo em rede e tecnopolítica uma narrativa resumo a ações em rede se dão em processos no quais a tecnologia de gestão está configurada para um novo valortrabalho imaterial que torna indistinguíveis na práticas campos ante claramente separáveis como lazertrabalho ativismobusiness ou acadêmicospraticantes dentre outros o objetivo deste artigo é apresentar uma narrativa da construção de uma rede tecnopolítica atuante na relações entre tecnologias cultura e ciência no brasil para tanto operouse metodologicamente com a construção social da tecnologia scot observação participante e manipulação de corpus linguístico a título de resultados temse uma narrativa sobre a rede caracterizando o grupos envolvidos suas interpretações e uma estrutura de sentidos que faz a rede concluise propondo reflexões sobre a condições de possibilidade de vida frente à ubiquidade da tecnologia de gestão praticamente invisível e não percebida pelos atuantes em rede abstract network action take place within process in which management technology is configured to a new workvalue immaterial that make indistinguishable in practice previously clearly separable field such a leisurework activismbusiness or academic practitioner among others the objective of this article is to present a narrative of the construction of a technopolitical network that acted in the relation between technology culture and science in brazil the methodological approach draw on the social construction of technology scot participant observation and manipulation of linguistic corpus a a result the narrative characterizes the group involved in the process their interpretation and a structure of meaning that make sense of the network the conclusion proposes reflection on the condition of possibility of life in front of the ubiquity of the management technology practically invisible and not perceived by the network actor powered by mediagoblin a gnu project released under the agpl source code available 
8,C:\Users\20522516\phd\RESEARCH\CYBER_DATASETS\DATASET_DEEP_WEB\folder_0\tight-nine-dusty-rough.png,tight-nine-dusty-rough.png,['counteir-feit-materials']," 450 HQER - High Quality Euro 50 EURO Replicas / Counterfeits Products Info Login Register How to buy Bitcoins: You may choose between many exchanges and marketplaces to fund your Bitcoin address in your Wallet on this site depending on your location and available payment methods. https://www.wm-center.com/ - Westernunion, Moneygram, Wire Transfer and many other payment options. http://localbitcoins.com/ - Buy Bitcoins locally with cash - person to person - no banks involved. https://bitcoinnordic.com/ - Buy Bitcoins using wire transfer and cash in mail. https://en.bitcoin.it/wiki/Trade#Currency_exchanges - Big list of many more Bitcoin exchanges. About this shop Tell others about this shop, and earn 4% from every purchase they will make. Simply give them one of the following links: http://replicasuwrsffzj.onion/?ref=YOURUSERNAME Replace YOURUSERNAME with your actual username on this site and get earnings directly to your wallet. Shipping After purchase of an item contact form will become available to you for coordination of delivery terms. HQER ", hqer high quality euro euro replica counterfeit product info login register how to buy bitcoins you may choose between many exchange and marketplace to fund your bitcoin address in your wallet on this site depending on your location and available payment method httpswwwwmcentercom westernunion moneygram wire transfer and many other payment option httplocalbitcoinscom buy bitcoins locally with cash person to person no bank involved httpsbitcoinnordiccom buy bitcoins using wire transfer and cash in mail httpsenbitcoinitwikitradecurrencyexchanges big list of many more bitcoin exchange about this shop tell others about this shop and earn from every purchase they will make simply give them one of the following link httpreplicasuwrsffzjonionrefyourusername replace yourusername with your actual username on this site and get earnings directly to your wallet shipping after purchase of an item contact form will become available to you for coordination of delivery term hqer 
9,C:\Users\20522516\phd\RESEARCH\CYBER_DATASETS\DATASET_DEEP_WEB\folder_0\tangy-amuck-bright-rock.png,tangy-amuck-bright-rock.png,['finance'], , 
10,C:\Users\20522516\phd\RESEARCH\CYBER_DATASETS\DATASET_DEEP_WEB\folder_0\alleged-careful-abashed-minimum.png,alleged-careful-abashed-minimum.png,"['LoginForms', 'drugs-narcotics']", EuCanna First Class Cannabis Healthcare Products Info Login Register EuCanna.com Login Username: Password: Please enter the captcha code: znrdbw Login Register a new account Copyright 2012-2013 eucanna.com & rso4hutlefirefqp.onion , eucanna first class cannabis healthcare product info login register eucannacom login username password please enter the captcha code znrdbw login register a new account copyright eucannacom rsohutlefirefqponion 
11,C:\Users\20522516\phd\RESEARCH\CYBER_DATASETS\DATASET_DEEP_WEB\folder_0\woozy-hospitable-torpid-roll.png,woozy-hospitable-torpid-roll.png,"['finance', 'credit-card', 'marketplace-for-sale']"," Verified Page DASHTOR CLONED CARDS, PAYPAL AND WU SERVICES Dashtor Financial Service is Active 24 hours! EVERYDAY, Accepts ESCROW, EMAIL US:Dashcrew@protonmail.ch CARDS PAYPAL W-UNION SHIPPING PRICING FEEDBACK PGP ESCROW ""We have some fresh BEST PRICE GUARANTEE Cards and new Paypal You won't find these cards cheaper anywhere on Deepnet from reputable vendors accounts and if you do, we will beat that price ! today, we PRICE hope it will satisfy you For Cloned credit card Price is $300, Guaranteed to have at least $5000 left on CC again - - - limit, most are over $5500 DashCrew"" BULK PRICING 2 CARDS = $550 3 CARDS = $650 4 CARDS = $700 FAQ 5 CARDS = $750 Contact - Dashcrew@protonmail.ch NEW FORUM @ 2011 - 2018 Dashtor Financial Services. All rights reserved. Contact - Dashcrew ", verified page dashtor cloned card paypal and wu service dashtor financial service is active hour everyday accepts escrow email usdashcrewprotonmailch card paypal wunion shipping pricing feedback pgp escrow we have some fresh best price guarantee card and new paypal you wont find these card cheaper anywhere on deepnet from reputable vendor account and if you do we will beat that price today we price hope it will satisfy you for cloned credit card price is guaranteed to have at least left on cc again limit most are over dashcrew bulk pricing card card card faq card contact dashcrewprotonmailch new forum dashtor financial service all right reserved contact dashcrew 
12,C:\Users\20522516\phd\RESEARCH\CYBER_DATASETS\DATASET_DEEP_WEB\folder_0\plastic-lacking-pathetic-influence.png,plastic-lacking-pathetic-influence.png,"['unclear', 'hacking']"," DarkTruth - Email Home About Us Getting Survival Guide Contact via TorChat Started Tools March 19, 2019 By thepeoplepleaser Submit A Tip (FBI) The DarkTruth Safe Surf IC3 There are many ways to communicate over the dark/deep web. Encrypted Email is an easy to use means of contacting the DarkTruth. Our email is Archive Depending on the email provider you are using you may need to disable some spam filters to receive replies. You can then contact us with questions regarding the web, how to report March 2019 sites, or how to eliminate certain services. If you would prefer to use Please allow 1-6 business days for a reply. However, if the matter is urgent add [URGENT] to the subject line. Contact **** NOTE Not all requests will be acknowledged or executed, our team will decide what is within our means. If you would like to encrypt your email please use the below PGP Block. TorChat Email ---- BEGIN PGP PUBLIC KEY BLOCK ----- mQINBFyU/pOBEADY3G2vn6Nz65+QmZSdsFOpKcYomUVnhlwplxYypOCN+HaWNJ5m gjWzZOkP/nFWT8wonAX+SXQ6IIEu3VHMSuNgo92HMSOS5CVeowc91RzMG81qIZVP KfV9yfhrUglaBwPZzb7LtW2fHx9IbTWbGDX+eHyrSFVaD1BFjIwk4T2Ngs/98]NO cFVjkpJinisWpqKe9scFp610sBCL9cxYEmV4xY0ml80dGAlvRsndNoqAbfmt3400 YHqkwzLzg1XU/PGXhGRWgZk1DJz9zAonJkWaHGw7qEsj3oN/J4sQxLJ9EypT5IKU Iskrvcx3qc4XfnTb+yyAn0E9GON4ZKhTZpTA0ByReMzO14pASb30S9FFY3rHP+fD nng11bgi5ulbLnyi2W002C/gf4r6lcqp6LT2Q9BOiq1jnYypgMKJinqRrAi7HMI1 507amJ82DrbzcRXrzP1qxEnKEias2zukMAOuABP7S47QMwQ+HcE191K4k3wMOPdB ClhsnPJP4e75j90KTZ5thijbU3dlyIBOk9hwFCZY0+yChkEBOrf7eDa8jnijF12b DrrinIJtA+rDvZNS8BnHQdYs19r/Z5sIn8Ge3sjabyXTZZgNQWtZvrj1SKpPYXOG eMVoVjQ1xoDvdqlyRGPMVx82F8am/1rY89YbslWktc8dOtIU5zM/2y8CLWARAQAB tDBOaGVwZW9wbGVwbGVhc2VyIDx0aGVwZW9wbGVwbGVhc2VyQHR1dGFub3RhLmNv bT6JAIQEEWEIAD4WIQRPOP7Dj/z0Hs0319ckBoy2+PKsggUCXJT+nQIbAwUJA8PA YwULCQgHAgYVCgkICwIEFgIDAQIeAQIXgAAKCRAkBoy2+PKsgmE6D/4rL75NRcwh cwu6PpkjmqnfvervcEXGSR4OSkl/CGjZBW/T53nflz8ShCC3wAkrrhJc180hGHoy oEx9x9MILsN7vh9G63mLJbnHd8SOmxm6YKh29c/glVRZbkgQg5bNRtoKsLOIhtN1 agH13b51kImND9J6taWQ5E87KIOvYedM1vLZ/sM/gHYDfEOyMk+TDOmylaUVPOw9 tJveZDH7RRg4TyzdP2joXsIVblWhvsNG+wtaUoWVoJdUnEe]1jki1gjgjhoYBf97 Wa0LB4EvyzPOzowg09QZ6QMqEqts2alaxSRKGZwd+qdkEs3tcDUF/qqn7VGJRKLu SK/RVJ15LrqKaoG/NAacCPCfA4ysQuD5+oChHjtD70Nq2flexDopcbELrR4YrHr/ 9M8likJxmMQfT2BYK9uev1XY/bfSCKeTTKwjcvSaIC6XWAoA5YqCdi7cuFzITWSX BMjr26j051U29gDSMNL1XdtyVdJh4JIkgiQIGxWRIR47WyocHejHT5ZX1 diJJZKm WsP+xCHLM8UKK8R98DtNv9jqYxDye2Jj1r60JQiQkfpVVhzW8IbfSQybeYxgOvrP p8mLqPfV3+ksdo4NXWGmL5MofUL0MQ5StVX3de6CTIDM7N9NfMX+n2kxmcAOOiX1 6lcujWWh5Yy51gTd2J+MP4cGMFWolo+2abkCDQRcIP6dARAAtoPGgN9yqdPWRmqR ftbgeAuBpqQ4qFkHOX9T6T8WQQAHqOwOQ9D7vLTJ3nZLEURQ2OzywV7ue1AB19Hy MVrcCTB32SGmLe8aFbU3g31L16Hu17bm/1eOlw3DQcX+v/fGujz/DtErfGm74JXS oG/xMeBRaNO1UeYqw5LtowkYK3HuYhO7uji2aGSF0nlf2UlpwgOGAZkqRAsLEbKj psrIB6swpejpbAXu4YW+6k+3NOPWt7v1WKjB9V9KJ52sXMuQkDjX+nipUAJ/LhRE h76vwSwauC7CZsJVhEIN1Y7we19Xc85YqNxaOSIQmAXmPKmTLvSCqMtGpElxj2cZ 11uN91QhwB5MIMtpxJHcQ/VhwOwSpxXW3MGW2GGs89EYHf/+EgOBOnFKrH+ElQbS 7dko3KzZ2H+J4GIchq3uixe+olewizrpN7E/qDGRfuSrGDfQCBQ9vk+yTMe9h6WH JAs5DNiF/Lm5xkwysT101nehu8gESAo3KrGjuxwg/nWksXOUWLqXZ9C7IT8fmbFo aEWgciUgtC965E8Z7t51s09V58EWHrpo/+WDZbFrZiLczROUJeh4GHEJO4DYBPRT CdM3PvCB/KL9qHCv23JPSKzuDalm/DoR3K7ErGLM8+ngrjl/O12K38PhsLFeuXZg IFQ2KfLyoTVQPDyOnfJ9m12e9YOAEQEAAYkCPAQYAQgAJhYhBE84/sOP/PQezTcj 1yQGjLb48qyCBQJclP6dAhsMBQKDw8BjAAoJECQGjLb48qyCje4QAIGw/zEjYMXz GgCMOWX9r3ZLq1PtcIW/SJM7UG8hTpuAOk321XxkmGnD5RIgFezn8BjTRnQP/ljv tuoyyiP3YUdwIUwTDt3QHaZOBetkexbq10HZWvz5cnOxWsOxetb5E1kx/kaOg9ST E38feGVT1OdsLGiTXRVtuXSdE987VDBObW9MJcZVudT25MX8/93AI0Qj83PZSHNZ Vwo1Kr+JoHX+vsiWKuE5H/MmKktwOcV8vQ1OUrlcZdnvKg+JtzVkwdLdwBWNer3h b9tS265K1wAL3G350pcvAFIlhza802Npqqc2G90sxCkOXAbuh9ceSuKVqR5WgSgW aT9[JpwjNXKlp7KM9aUgoVdqhT3J9nn0Rh22jBBAmmtJXdX3S+YOjVyS3uyObPjp fqTmMsiHWYatof4HfFda2348xAuMASbWm1sPISUVhLh9FjFCmCutPKYgVNKq19iY kv6POYR7hTCWgp+a438ILzngDrMfK/SjOsT4cHD6bDNFb20vFLyytjxnaGFc0tM6 FczNrEtN54X4rkjh4s1OvDOxLpZkn6DubQ3bFL3A4K861hQVNvPc9orzKbtroEAo rbBzhe68QRjafzBBpAA9j37TkDGXWMcqsyPuC+p4QocnZqCONABOuQ2wGK5VZ76x vCzGCm6sOjqv4iLBOAtVYFZJs920XEVe =19yD --- END PGP PUBLIC KEY BLOCK ----- Copyright 2019 | sitename.com | Valid CSS & XHTML 1.0 Strict | Website design by thep ", darktruth email home about u getting survival guide contact via torchat started tool march by thepeoplepleaser submit a tip fbi the darktruth safe surf ic there are many way to communicate over the darkdeep web encrypted email is an easy to use mean of contacting the darktruth our email is archive depending on the email provider you are using you may need to disable some spam filter to receive reply you can then contact u with question regarding the web how to report march site or how to eliminate certain service if you would prefer to use please allow business day for a reply however if the matter is urgent add urgent to the subject line contact note not all request will be acknowledged or executed our team will decide what is within our mean if you would like to encrypt your email please use the below pgp block torchat email begin pgp public key block mqinbfyupobeadygvnnzqmzsdsfopkcyomuvnhlwplxyypocnhawnjm gjwzzokpnfwtwonaxsxqiieuvhmsungohmsoscveowcrzmgqizvp kfvyfhruglabwpzzbltwfhxibtwbgdxehyrsfvadbfjiwktngsno cfvjkpjiniswpqkescfpsbclcxyemvxymldgalvrsndnoqabfmt yhqkwzlzgxupgxhgrwgzkdjzzaonjkwahgwqesjonjsqxljeyptiku iskrvcxqcxfntbyyanegonzkhtzptabyremzopasbsffyrhpfd nngbgiulblnyiwcgfrlcqpltqboiqjnyypgmkjinqrraihmi amjdrbzcrxrzpqxenkeiaszukmaouabpsqmwqhcekkwmopdb clhsnpjpejktzthijbudlyibokhwfczyychkeborfedajnijfb drrinijtardvznsbnhqdysrzsingesjabyxtzzgnqwtzvrjskppyxog emvovjqxodvdqlyrgpmvxfamryybslwktcdotiuzmyclwaraqab tdboagvwzwwbgvwbgvhcvyidxagvwzwwbgvwbgvhcvyqhrdgfubrhlmnv btjaiqeeweiadwiqrpopdjzhsckboypksggucxjtnqibawujapa ywulcqghagyvcgkicwiefgidaqieaqixgaakcrakboypksgmedrlnrcwh cwuppkjmqnfvervcexgsrosklcgjzbwtnflzshccwakrrhjchghoy oexxmilsnvhgmljbnhdsomxmykhcglvrzbkgqgbnrtoksloihtn aghbkimndjtawqekiovyedmvlzsmghydfeoymktdomylauvpow tjvezdhrrgtyzdpjoxsivblwhvsngwtauowvojduneejkigjgjhoybf walbevyzpozowgqzqmqeqtsalaxsrkgzwdqdkestcdufqqnvgjrklu skrvjlrqkaognaaccpcfaysqudochhjtdnqflexdopcbelrryrhr mlikjxmmqftbykuevxybfsckettkwjcvsaicxwaoayqcdicufzitwsx bmjrjugdsmnlxdtyvdjhjikgiqigxwrirwyochejhtzx dijjzkm wspxchlmukkrdtnvjqyxdyejjrjqiqkfpvvhzwibfsqybeyxgovrp pmlqpfvksdonxwgmlmofulmqstvxdectidmnnfmxnkxmcaooix lcujwwhyygtdjmpcgmfwoloabkcdqrcipdaraatopggnyqdpwrmqr ftbgeaubpqqqfkhoxttwqqahqowoqdvltjnzleurqozywvueabhy mvrcctbsgmleafbuglhubmeolwdqcxvfgujzdterfgmjxs ogxmebranoueyqwltowkykhuyhoujiagsfnlfulpwgogazkqraslebkj psribswpejpbaxuywknopwtvwkjbvkjsxmuqkdjxnipuajlhre hvwswaucczsjvheinywexcyqnxaosiqmaxmpkmtlvscqmtgpelxjcz unqhwbmimtpxjhcqvhwowspxxwmgwggseyhfegobonfkrhelqbs dkokzzhjgichquixeolewizrpneqdgrfusrgdfqcbqvkytmehwh jasdniflmxkwystnehugesaokrgjuxwgnwksxouwlqxzcitfmbfo aewgciugtceztsvewhrpowdzbfrzilczroujehghejodybprt cdmpvcbklqhcvjpskzudalmdorkerglmngrjlokphslfeuxzg ifqkflyotvqpdyonfjmeyoaeqeaaykcpaqyaqgajhyhbesoppqeztcj yqgjlbqycbqjclpdahsmbqkdwbjaaojecqgjlbqycjeqaigwzejymxz ggcmowxrzlqptciwsjmughtpuaokxxkmgndrigfeznbjtrnqpljv tuoyyipyudwiuwtdtqhazobetkexbqhzwvzcnoxwsoxetbekxkaogst efegvtodslgitxrvtuxsdevdbobwmjczvudtmxaiqjpzshnz vwokrjohxvsiwkuehmmkktwocvvqourlczdnvkgjtzvkwdldwbwnerh btskwalgpcvafilhzanpqqcgsxckoxabuhcesukvqrwgsgw atjpwjnxklpkmaugovdqhtjnnrhjbbammtjxdxsyojvysuyobpjp fqtmmsihwyatofhffdaxaumasbwmspisuvhlhfjfcmcutpkygvnkqiy kvpoyrhtcwgpailzngdrmfksjostchdbdnfbvflyytjxnagfctm fcznretnxrkjhsovdoxlpzkndubqbflakhqvnvpcorzkbtroeao rbbzheqrjafzbbpaajtkdgxwmcqsypucpqocnzqconabouqwgkvzx vczgcmsojqvilboatvyfzjsxeve yd end pgp public key block copyright sitenamecom valid cs xhtml strict website design by thep 
13,C:\Users\20522516\phd\RESEARCH\CYBER_DATASETS\DATASET_DEEP_WEB\folder_0\unruly-proud-nosy-catch.png,unruly-proud-nosy-catch.png,"['drugs-narcotics', 'marketplace-for-sale']", Dream Market Register Login 2FA Login Ichudifyeqm 4ldjj.onion Established 2013 Login with existing user Username Onion mirrors Ichuditewd4Itjti.onion? Password switch ToLanguage=French&t=827010793 verified xytjqoukdfhh4esj.onion Captcha Code (?) Ichuditewd4Itjti.onion 7ep7arw6wy4kjq6t.onion Please enter the 4 letters surrounded by the box (case sensitive). igyifrhnvxq33sy5.onion Please check always that you are on the correct url. Ichudidiap6hdtij.onion Ichuditewd4ltjti . onion x3x2dw3ximiolopv.onion Ichudsdyx4c3xldp.onion vilpa4xc6mtcakhq.onion KvzgQe Ph t3e6lqwyuagp7jxo.onion 7ep7akaxshogxvs7.onion Login jd6yhk57hxohnqbh.onion Sign up Choose one of the links above if the site is PGP authentication loading too slow. I lost my password *K C. Night mode Forum Help Copyright - 2013 by SpeedSteppers , dream market register login fa login ichudifyeqm ldjjonion established login with existing user username onion mirror ichuditewditjtionion password switch tolanguagefrencht verified xytjqoukdfhhesjonion captcha code ichuditewditjtionion eparwwykjqtonion please enter the letter surrounded by the box case sensitive igyifrhnvxqsyonion please check always that you are on the correct url ichudidiaphdtijonion ichuditewdltjti onion xxdwximiolopvonion ichudsdyxcxldponion vilpaxcmtcakhqonion kvzgqe ph telqwyuagpjxoonion epakaxshogxvsonion login jdyhkhxohnqbhonion sign up choose one of the link above if the site is pgp authentication loading too slow i lost my password k c night mode forum help copyright by speedsteppers 
14,C:\Users\20522516\phd\RESEARCH\CYBER_DATASETS\DATASET_DEEP_WEB\folder_0\vast-ceaseless-rapid-payment.png,vast-ceaseless-rapid-payment.png,['legitimate']," News Anfahrt Kalender E-Mail Pentaradio Shop Über uns Mitgliedschaft Themenabende Chat Pentacast Warez Chaos macht Schule Unterstützen Events Wiki Pentamusic 25. Dresdner OWASP Stammtisch Ben @ Montag, 29. Oktober 2018 um 11:00 Uhr Datum: Freitag, 2. November 2018 um 19:30 Uhr bis 22:00 Uhr Ort: HQ im Zentralwerk Philippe De Ryck wird einen Vortrag über Common API security pitfalls halten. Der Vortrag wird in Englisch sein. Abstract The shift towards an API landscape indicates a significant evolution in the way we build applications. The rise of JavaScript and mobile applications have sparked an explosion of easily-accessible REST APIs. But how do you protect access to your API? Which security aspects are no longer relevant? Which security features are an absolutely must-have, and which additional security measures do you need to take into account? These are hard questions, as evidenced by the deployment of numerous insecure APIs. Attend this session to find out about common API security pitfalls, that often result in compromised user accounts and unauthorized access to your data. We expose the problem that lies at the root of each of these pitfalls, and offer actionable advice to address these security problems. After this session, you will know how to assess the security of your APIs, and the best practices to improve them towards the future. About Philippe Philippe De Ryck is the founder of Pragmatic Web Security, where he travels the world to train developers on web security and security engineering. He holds a Ph.D. in web security from KU Leuven. Google recognizes Philippe as a Google Developer Expert for his knowledge of web security and security in Angular applications. Mehr Infos gibt zur Dresdner OWASP Initiative gibt es im OWASP Wiki. Cc Impressum Datenschutz ch DA SOME RIGHTS RESERVED built 2019-04-28 09:21:04 ", news anfahrt kalender email pentaradio shop über un mitgliedschaft themenabende chat pentacast warez chaos macht schule unterstützen event wiki pentamusic dresdner owasp stammtisch ben montag oktober um uhr datum freitag november um uhr bi uhr ort hq im zentralwerk philippe de ryck wird einen vortrag über common api security pitfall halten der vortrag wird in englisch sein abstract the shift towards an api landscape indicates a significant evolution in the way we build application the rise of javascript and mobile application have sparked an explosion of easilyaccessible rest apis but how do you protect access to your api which security aspect are no longer relevant which security feature are an absolutely musthave and which additional security measure do you need to take into account these are hard question a evidenced by the deployment of numerous insecure apis attend this session to find out about common api security pitfall that often result in compromised user account and unauthorized access to your data we expose the problem that lie at the root of each of these pitfall and offer actionable advice to address these security problem after this session you will know how to ass the security of your apis and the best practice to improve them towards the future about philippe philippe de ryck is the founder of pragmatic web security where he travel the world to train developer on web security and security engineering he hold a phd in web security from ku leuven google recognizes philippe a a google developer expert for his knowledge of web security and security in angular application mehr info gibt zur dresdner owasp initiative gibt e im owasp wiki cc impressum datenschutz ch da some right reserved built 
15,C:\Users\20522516\phd\RESEARCH\CYBER_DATASETS\DATASET_DEEP_WEB\folder_0\super-hollow-tidy-craft.png,super-hollow-tidy-craft.png,"['hacking', 'marketplace-for-sale', 'softwares']", BHAEOKYPC 2019 D 10: @KeLOB XAXEPCTEO BNEOKYPC B3NOM B3.NOM NPOrPAMM Peg Windown . Android B3NOM PEBEPCHIHI nPorPAMMAPOBAHME BbInyweH 3 anpena! V3HATb BOJIbIIIE >> AoMon | CTaTbh | RAR-CTaTbh | FAQ | DopyM | CkayaTb | Bugeokypc HoBN4Ky | CCbMIKN | nporpaMMNpoBaHne | NHTepBbio | ApxNB | CBA3b NPOrPAMMNPOBAHNE HA C / C++ CnpaBO4HNK: KOMaHALI Windows u Apyroe Windows 1. KoMaHAbl Windows Apyrue 3ameTKN 1. INF2HTML VO.92 - KOHBepTop dannoB noMOWIN OT OS/2 B HTML dopMaT 2. Kak Hay4Tb nporpaMMy pearnpoBaTb Ha N3MeHeHNe copepxnMoro 6ydepa o6MeHa? 3. TexHonorna Drag&Drop 4. yBennyNTenbHoe CTekno << BEPHyTbCA B OFnABSEHNE MaTephanbl HaxoAATCA Ha cante https://exelab.ru/pro/ HYXKHO BbInEYNTb NPOrPAMMY? B3NOMAN CAM - STO NPOCTO! 34ecb NCnonb3yn HALL KYPC BNDEOyPOKOB Bbl HaxoANTECb Ha EXELAB.TU Reactos 71 , bhaeokypc d kelob xaxepcteo bneokypc bnom bnom nporpamm peg windown android bnom pebepchihi nporpammapobahme bbinyweh anpena vhatb bojibiiie aomon ctatbh rarctatbh faq dopym ckayatb bugeokypc hobnky ccbmikn nporpammnpobahne nhtepbbio apxnb cbab nporpammnpobahne ha c c cnpabohnk komahali window u apyroe window komahabl window apyrue ametkn infhtml vo kohbeptop dannob nomowin ot o b html dopmat kak haytb nporpammy pearnpobatb ha nmehehne copepxnmoro ydepa omeha texhonorna dragdrop ybennyntenbhoe ctekno bephytbca b ofnabsehne matephanbl haxoaatca ha cante httpsexelabrupro hyxkho bbineyntb nporpammy bnoman cam sto npocto ecb ncnonbyn hall kypc bndeoypokob bbl haxoantecb ha exelabtu reactos 
16,C:\Users\20522516\phd\RESEARCH\CYBER_DATASETS\DATASET_DEEP_WEB\folder_0\defeated-uttermost-jazzy-connection.png,defeated-uttermost-jazzy-connection.png,"['finance', 'scam']"," Genuine Bitcoin Multiplier Home Invest About Us Terms and Conditions Affiliate Contact Us Form About Us 1. We trade for you. You are already tired of permanent loss of money in the Forex market? Maybe it is time to abandon the ""attempts to trade"" and to entrust this work to professionals, transferring them management of your finances? Genuine Bitcoin Multiplier Limited services - for people with available cash assets which they want to invest, but do not have skills of individual active asset management and don't want to risk their finances. 2. Our guarantees. Any investment in the financial markets is a potential risk. E xperience and professionalism which are expressed in high, but what is more important - in stable profitability of investments, shown by Genuine Bitcoin Multiplier Limited, can minimize the risks. 3. Potential earnings estimation. Each client of Genuine Bitcoin Multiplier Limited has an opportunity to estimate their expected future return before trusting us to manage their funds. 4. Tax-exempt. Genuine Bitcoin Multiplier Limited is registered and operates its trading activities on the Forex market in an offshore tax haven. The company is not a tax agent in respect of its customer's income and, accordingly, does not produce any tax payments. Furthermore, Genuine Bitcoin Multiplier Limited doesn't disclose any fiscal data concerning their customer's income to the tax authorities of any State. 5. Convenient payment methods. Depositing funds and earned profit withdrawal are available by a number of ways, including e- currencies (what guarantees the anonymity of payments and provides tax-free of earned income). 6. Flexibility of investment plans. Investment products of Genuine Bitcoin Multiplier Limited - are a kit from which each client can independently form their own investment strategy. Smart ACCREDITED TRUSTe Norton BUSINESS Bitcoin Investment BBB VERIFIED SECURED powered by VeriSian Copyright @ 2016 - 2019 ", genuine bitcoin multiplier home invest about u term and condition affiliate contact u form about u we trade for you you are already tired of permanent loss of money in the forex market maybe it is time to abandon the attempt to trade and to entrust this work to professional transferring them management of your finance genuine bitcoin multiplier limited service for people with available cash asset which they want to invest but do not have skill of individual active asset management and dont want to risk their finance our guarantee any investment in the financial market is a potential risk e xperience and professionalism which are expressed in high but what is more important in stable profitability of investment shown by genuine bitcoin multiplier limited can minimize the risk potential earnings estimation each client of genuine bitcoin multiplier limited ha an opportunity to estimate their expected future return before trusting u to manage their fund taxexempt genuine bitcoin multiplier limited is registered and operates it trading activity on the forex market in an offshore tax haven the company is not a tax agent in respect of it customer income and accordingly doe not produce any tax payment furthermore genuine bitcoin multiplier limited doesnt disclose any fiscal data concerning their customer income to the tax authority of any state convenient payment method depositing fund and earned profit withdrawal are available by a number of way including e currency what guarantee the anonymity of payment and provides taxfree of earned income flexibility of investment plan investment product of genuine bitcoin multiplier limited are a kit from which each client can independently form their own investment strategy smart accredited truste norton business bitcoin investment bbb verified secured powered by verisian copyright 
17,C:\Users\20522516\phd\RESEARCH\CYBER_DATASETS\DATASET_DEEP_WEB\folder_0\clumsy-necessary-boorish-option.png,clumsy-necessary-boorish-option.png,['finance']," Deepweb Data Bank Your top source for Data Leads, Mailing Lists, Email DB, Sotwares, Ebooks, Digital Goods. Welcome Magazine Subscriber DB Email DB Download Help PGP Key Welcome to Deepweb Data Bank We are the top suppliers of fresh Leads for your business to grow. We supply Magazine subscriber databases, Email databses, Softwares, EBooks and other Digital Goods and Services. Magazine Subscriber DB This is the area where you can check a list of available Subscriber Databases for particular Magazine as well options to add extra data. Email DB Here you can choose what you need, to start spamming. Stay tuned, more services and autoshop option coming soon. We accept all major crypto currencies, feel free to buy from us using your preferred crypto currency. B @ dbman 2019 ", deepweb data bank your top source for data lead mailing list email db sotwares ebooks digital good welcome magazine subscriber db email db download help pgp key welcome to deepweb data bank we are the top supplier of fresh lead for your business to grow we supply magazine subscriber database email databses software ebooks and other digital good and service magazine subscriber db this is the area where you can check a list of available subscriber database for particular magazine a well option to add extra data email db here you can choose what you need to start spamming stay tuned more service and autoshop option coming soon we accept all major crypto currency feel free to buy from u using your preferred crypto currency b dbman 
18,C:\Users\20522516\phd\RESEARCH\CYBER_DATASETS\DATASET_DEEP_WEB\folder_0\sincere-jazzy-wrong-might.png,sincere-jazzy-wrong-might.png,['mixer']," PrivCoin Supported Coins - Fees FAQ Investing Affiliates Login Portal API Contact Litecoin Mixer Use PrivCoin to mix your LTC and regain your privacy. Get Started? I'm not a criminal. Why should I mix my coins? Virtual currency is part of the here and now, but with it comes the need to ""guard your wallet."" We keep your identity safe by offering a premium mixing service. Home . Privacy . Contact TOR Onion: http://tr5ods7ncr6eznny.onion/ ", privcoin supported coin fee faq investing affiliate login portal api contact litecoin mixer use privcoin to mix your ltc and regain your privacy get started im not a criminal why should i mix my coin virtual currency is part of the here and now but with it come the need to guard your wallet we keep your identity safe by offering a premium mixing service home privacy contact tor onion httptrodsncreznnyonion 
19,C:\Users\20522516\phd\RESEARCH\CYBER_DATASETS\DATASET_DEEP_WEB\folder_0\abnormal-limping-noxious-nerve.png,abnormal-limping-noxious-nerve.png,['forum']," OCHOBaH 26 NIonA 2013 ropa freehacks.ru -> freehacks.io naponb BxoA V noMOLLIb PerncTpauna Free Hacks Xakepckun copyM npasuna copyMa Peknama Ha copyme TapaHT cepBNc ABapNHLIn 6nor HoBuyKAM CIO HoBble cooowjeHNA CnpaBka KaneHAapb Onyun copyMa Y HaBurayna 468x60 peknaMHOE MeCTO CBODOAHO f nonck no copymy ""ChoBO ""xakep"" HeBepHo vicnonbeyeTA B 3HaveHMM ""KOMnbIOTePHbIN B310MLINK"" HeKOTOPbIMM *ypHanNCTAMn. Mbi, xakepbi, OTKa3bIBaeMCA npNHATb Takoe ero TONKOBaHne n npoponxaem noApasyMeBaTb noA HMM CMbICA ""KTO-TO, KTO MIOONT nporpaMMMpoBaTb N nonyyaeT yA0BO/bCTBNe OT 3TorO"". BO3HNKAN Bonpochi?! HannwnTe HaM! nonck: Merka: ycnyru xakepa nonck: Ha nonck 3aTpayeHo 0.00 cek. B3/10M WhatsApp, Viber, BKOHTakTe, Instagram, OTBeTOB: 28 nocnenHee cooOLjeHv DopyM: A_Timofeev, 10.06.2018 15:52 1 2 3 npoCMOTPOB: OT Zappos >> pegnaraio ycnyru 11,877 B3/0M: WhatsApp, Viber, BKOHTakTe, Instagram, OTBeTOB: 8 nocnenHee cooOLjeHV DopyM: AlexeyX, 03.05.2018 19:43 npoCMOTPOB: OT AlexeyX (>>] Mpegnaraio ycnyru 5,308 B3/0M: WhatsApp, Viber, BKOHTakTe, Instagram, OTBeTOB: 0 nocnenHee coo6wjeHV DopyM: Timofeev, 29.04.2018 14:25 npoCMOTPOB: OT Timofeev (>>] peanaraio ycnyru 3,355 PaboTa AnA xakepoB OTBeTOB: 0 nocnenHee coo6wjeHv DopyM Alexa, 17.08.2017 14:43 npoCMOTPOB: OT Alexa >> TpebyIOTCA ycnyru 4,223 ycnyru xakepa x Q HangeHo peaynbTaTOB: npMepHo 193 (3a 0.12 cek.) ynopagoyNTb: Relevance BanOM OK.RU, VK, Instagram, Twitter, ICQ, Skype, Viber, Whatsapp! https://freehacks.ru/showthread.php?t=5071 Xakepckun copy Free Hacks, ycnyrn Xakepa @ 3akasaTb B3NOM @ HyxeH xakep JHOBbIE COLINAnbHbIE CETN nOyTOBbIE ALINKN (B ... ycnyru xakepa https://freehacks.ru/tags.php?tag=ycnyru+xakepa Monck: MeTka: ycnyru xakepa ... K nocheAHeMy coooWIEHNIo. DopyM: npeanaraio ycnyru ... Alexa, 17.08.2017 14:43. B3NOM canTa, ycnyri xakepa, xakep. MeTk - Xakepckun copym Free Hacks Bce xakepckne HanpaBneHNA ... https://freehacks.ru/tags.php Mbl, xakepbl, OTKa3blBaeMCA npNHATb Takoe ero TONKOBaHne NI npopon>kaem noApa3yMeBaTb noA HMM CMbICH ""KTO-TO, KTO MIOONT nporpaMMNpoBaTb n nonyyaet ... BanOM: WhatsApp. Viber, BKOHTakTe, Instagram, Facebook, e-mail n ... https://freehacks.ru/showthread.php?t=5024 29 anp 2018 ... Xakepckun copym Free Hacks, npoceccoHanbHble ycnyri xakepa Of AlexeyHacks@gmail.com B3NOM MecceHAXepoB COOOLLIEHUN: ... Xakepckun copym Free Hacks Bce xakepckne HanpaBneHNA B ... https://freehacks.ru/ Mbl, xakepbl, OTKa3bIBaeMCA npNHATb Takoe ero TONkoBaHne n npogonxaem noApa3yMeBaTb noA HMM ..... ABTOMOONnbHble TOBapbl n ycnyru pa3HbIX THNOB. B3NOM COLMANbHbIX CETEM. B310M 104TbI. B3/10M .... https://freehacks.ru/showthread.php?t=5340 ycnyr B3noMa OAHOKnaCCHNKOB, 3aka3aTb B3NOM 6e3 npegonnaTbl, B3NOM ... B3NOM HA 3AKA3 6e3 npegonnaTbl, ycnyrn xakepa, HyxeH xakep ... HyxHa noMOUlb Xakepy https://freehacks.ru/showthread.php?t=6203 11 Map 2019 ... I can pay in Bitcoin. nocMOTph Ha OnbITHbIX XakepoB.A Mory ... Tema: HyxHa noMOLib xakepy ... BbICTPbIn nepexoA Mpegnaralo ycnyrn BBepx. PaboTa Ana xakepoB https://freehacks.ru/showthread.php?t=4274 18 aBr 2017 ... Mbl, xakepbl, OTKa3bIBaeMCA npNHATb Takoe ero TONKOBaHne n ... Tema: PaboTa AnA xakepoB ... BbICTPbIn nepexoA Mpegnaraio ycnyrn BBepx. [poyne ycnyru duHaHCOBoro XapakTepa https://www.freehacks.ru/forumdisplay.php?f=383 ""CnoBo ""xakep"" HeBepHO NCnonb3yeTCA B 3HayeHUN ""KOMnbHOTepHbIn B3NOMLINK"" HeKOTOPbIMN xypHanNcTaMN. Mbl, xakepbl, OTKa3bIBaeMCA npNHATb Takoe ero DopyM https://freehacks.ru/forum.php Mbl, xakepbl, OTKa3blBaeMCA npWHATb Takoe ero TonKOBaHne n npoponxaem noApasyMeBaTb noA HMM ..... 3apaboTOK B NHTepHeTe, NONCK pa60Tbl n ycnyrn. 1 2 3 4 5 6 7 8 9 10 Q VcKaTb ""ycnyru xakepa"" B Google TexHonorNA Google nonb30BaterIbCKun noNICK nokasaHO c 1 no 4 13 6 O6paTHas CBA36 Xakepckun copym Free Hacks - Bce xakepckne HanpaBneHNA B OAHOM MECTe! ApXNB npasuna copyma BBepx WHOopMayNA Ha canTe npepocTaBneHa NICKMIOyNTenbHO B 03HaKOMMTenbHbIX yenAx, Ncnonb30BaHe 3HaHM B npoTMB03aKOHHbIX yenAx npecheAyerca no 3akoHy! AAMNHNCTpayNA He HeceT OTBETCTBEHHOCTH 3a BawIn AeAHNA. Tekywee BpeMA: 15:26. yacoBon noAc GMT +4. cc BY Powered by vBulletin® Copyright @ 2019 vBulletin Solutions, Inc. All rights reserved. Team | | nepeBon: zCa ", ochobah niona ropa freehacksru freehacksio naponb bxoa v nomollib pernctpauna free hack xakepckun copym npasuna copyma peknama ha copyme tapaht cepbnc abapnhlin nor hobuykam cio hobble cooowjehna cnpabka kanehaapb onyun copyma y haburayna x peknamhoe mecto cbodoaho f nonck no copymy chobo xakep hebepho vicnonbeyeta b havehmm komnbiotephbin bmlink hekotopbimm yphannctamn mbi xakepbi otkabibaemca npnhatb takoe ero tonkobahne n npoponxaem noapasymebatb noa hmm cmbica ktoto kto mioont nporpammmpobatb n nonyyaet yabobctbne ot toro bohnkan bonpochi hannwnte ham nonck merka ycnyru xakepa nonck ha nonck atpayeho cek bm whatsapp viber bkohtakte instagram otbetob nocnenhee coooljehv dopym atimofeev npocmotpob ot zappos pegnaraio ycnyru bm whatsapp viber bkohtakte instagram otbetob nocnenhee coooljehv dopym alexeyx npocmotpob ot alexeyx mpegnaraio ycnyru bm whatsapp viber bkohtakte instagram otbetob nocnenhee coowjehv dopym timofeev npocmotpob ot timofeev peanaraio ycnyru pabota ana xakepob otbetob nocnenhee coowjehv dopym alexa npocmotpob ot alexa tpebyiotca ycnyru ycnyru xakepa x q hangeho peaynbtatob npmepho a cek ynopagoyntb relevance banom okru vk instagram twitter icq skype viber whatsapp httpsfreehacksrushowthreadphpt xakepckun copy free hack ycnyrn xakepa akasatb bnom hyxeh xakep jhobbie colinanbhbie cetn noytobbie alinkn b ycnyru xakepa httpsfreehacksrutagsphptagycnyruxakepa monck metka ycnyru xakepa k nocheahemy cooowiehnio dopym npeanaraio ycnyru alexa bnom canta ycnyri xakepa xakep metk xakepckun copym free hack bce xakepckne hanpabnehna httpsfreehacksrutagsphp mbl xakepbl otkablbaemca npnhatb takoe ero tonkobahne ni npoponkaem noapaymebatb noa hmm cmbich ktoto kto mioont nporpammnpobatb n nonyyaet banom whatsapp viber bkohtakte instagram facebook email n httpsfreehacksrushowthreadphpt anp xakepckun copym free hack npoceccohanbhble ycnyri xakepa of alexeyhacksgmailcom bnom meccehaxepob cooolliehun xakepckun copym free hack bce xakepckne hanpabnehna b httpsfreehacksru mbl xakepbl otkabibaemca npnhatb takoe ero tonkobahne n npogonxaem noapaymebatb noa hmm abtomoonnbhble tobapbl n ycnyru pahbix thnob bnom colmanbhbix cetem bm tbi bm httpsfreehacksrushowthreadphpt ycnyr bnoma oahoknacchnkob akaatb bnom e npegonnatbl bnom bnom ha aka e npegonnatbl ycnyrn xakepa hyxeh xakep hyxha nomoulb xakepy httpsfreehacksrushowthreadphpt map i can pay in bitcoin nocmotph ha onbithbix xakepoba mory tema hyxha nomolib xakepy bbictpbin nepexoa mpegnaralo ycnyrn bbepx pabota ana xakepob httpsfreehacksrushowthreadphpt abr mbl xakepbl otkabibaemca npnhatb takoe ero tonkobahne n tema pabota ana xakepob bbictpbin nepexoa mpegnaraio ycnyrn bbepx poyne ycnyru duhahcoboro xapaktepa httpswwwfreehacksruforumdisplayphpf cnobo xakep hebepho ncnonbyetca b hayehun komnbhotephbin bnomlink hekotopbimn xyphannctamn mbl xakepbl otkabibaemca npnhatb takoe ero dopym httpsfreehacksruforumphp mbl xakepbl otkablbaemca npwhatb takoe ero tonkobahne n npoponxaem noapasymebatb noa hmm apabotok b nhtephete nonck patbl n ycnyrn q vckatb ycnyru xakepa b google texhonorna google nonbbateribckun nonick nokasaho c no opathas cba xakepckun copym free hack bce xakepckne hanpabnehna b oahom mecte apxnb npasuna copyma bbepx whoopmayna ha cante npepoctabneha nickmioyntenbho b hakommtenbhbix yenax ncnonbbahe hahm b npotmbakohhbix yenax npecheayerca no akohy aamnhnctpayna he hecet otbetctbehhocth a bawin aeahna tekywee bpema yacobon noac gmt cc by powered by vbulletin copyright vbulletin solution inc all right reserved team nepebon zca 
20,C:\Users\20522516\phd\RESEARCH\CYBER_DATASETS\DATASET_DEEP_WEB\folder_0\hateful-barbarous-bitter-nail.png,hateful-barbarous-bitter-nail.png,"['information-sharing-reportage', 'general']"," BREAKING NEWS E DARK WEB AND ITS ANONYMITY IN 2018 Go to .. DEEP.DOT.WEB I'M Free-200% DeepDot35Wvmeyds . onio SEARCH ... MENU HOME » TAG ARCHIVES : MARKET VISIT TAG ARCHIVES: MARKET SLOTS AAAND IT'S GO Wall Street Market exit scamming - Do AAAND IT'S G BITCOIN CASINO not deposit REVIEWS APRIL 21, 2019 41 COMMENTS up to 200% Deposit Bonuses The Dread Forum, which is a popular reddit-like forum on PLAY NOW! H EVERYONES the dark web, has just published an interesting thread that claims that the dark net market Wall Street Market is most likely exit scamming. The story began a few weeks ago, when the Dream Market, the oldest standing darknet marketplace, has announced that it is shutting down. Accordingly, the majority ... Read More >> Dream Market Marijuana Vendor Sentenced to Prison in Germany SMART. STAY ANONYING APRIL 17, 2019 LEAVE A COMMENT A judge at the Kleve District Court sentenced three defendants for selling hundreds of kilograms of marijuana Warning!!! and hashish through Dream Market to customers your Tor Usage Is Being throughout Germany. During sentencing, one of the Watched defendants called the drug trafficking operation the Using a VPN Will Hide ""biggest mistake he had ever made."" The sentencing Tor Usage From Your ISP hearing marked the end of a case that began in March Click HERE to hide Tor 2018. Investigators of ... Read More > The German Anti-Black Market Bill Will MARKETS LIST & AVAILABILITY STATUS Negatively Impact Legal Tor Users TOP MARKETS! APRIL 4, 2019 LEAVE A COMMENT Dream market - 98.54% A German legislative effort aimed at cracking down on illicit MARKETS online drug trading on the dark web may negatively impact The Majestic Garden - 97.18% all users of the Tor network. Last Friday, Germany's CGMC - 96.79% Bundesrat legislative entity passed a new bill to simplify the Cannazon - 99.21% procedures of the prosecution of operators and users of Berlusconi Market - 98.07% black marketplace platforms hosted on the dark web. The Agartha Market - 99.96% new bill suggests ... Read More > Core Market - 94.2% Cryptonia Market - 99.99% Empire Market - 94.35% Nightmare Market - 99.61% Dream Market will Permanently Yellow Brick Market - 99.69% s market is shutting down on Suspend Operations Next Month 30/2019 and is transferring its VENDOR SHOPS vices to a partner company, onion dress: wernidjkazxqds2L.onion MARCH 29, 2019 17 COMMENTS mendy offline, opening soon) Gammagoblin - 96.77% Dream Market, one of the largest darkweb marketplaces of The French Connection - 98.62% all time, will be shutting down in April 2019, according to an CharlieUK - 96.26% announcement posted by the market's staff members. On ToYouTeam - 81.4% March 26, customers and vendors logged into their Dream The Church (JOR) - 96.1% Market accounts and found themselves unable to use the RechardSport - 94.42% marketplace's most basic functions. The marketplace had DutchDrugz - 96.15% replaced the listings for drugs, stolen ... Read More >> DISCUSSION FORUMS (INDEPENDENT) Dread - 97.78% Darknet Avengers - 94.02% A German Faces Trial for Drugs The HUB - 93.18% NON-ENGLISH OR COUNTRY SPECIFIC Ordered on 'Dream Market', a Dark Web Marketplace HYDRA (Russian) - 91.01% RuTor (Russian) - 97.52% DECEMBER 16, 2018 LEAVE A COMMENT WayAway (Russian) - 98.57% A German man accused of placing two illegal orders for Italian Deep Web - 91.52% drugs on dark web marketplaces was sentenced in court. Blackmarket (Russian) - 100% He is said to have ordered several small packages of Canada Headquarters (Canadaian) - 99.66% different illegal drugs from the dark web for personal Mega (Russian) - 70.27% consumption and had them delivered to his home address 03shop (Russian) - 98.94% by mail. The 40 year old man from Pemfling appeared at Tor Market (New Zealand) - 98.72% Chamer District ... Read More >> Vitalitest - 59.82% CHECK OUT Latvian Arrested for Ordering Darknet Like to Write? Packages of Drug from Netherlands on Dark Net / Bitcoin Enthusiast? 'Dream market' We Want you! DECEMBER 14, 2018 3 COMMENTS DEEP.DOT.WEB A Latvian teenage citizen was arrested and detained by the Border and Customs Police of the States Revenue Authority INTERNATIONAL for allegedly ordering and receiving illegal drug packages SERVICE procured off the dark web. The illicit packages are believed to have been shipped from the Netherlands and Holland EnerGY CONTROL after having been paid for with virtual currencies and delivered through postal services to ... Read More > 1 DRUG TESTING + INFO A German Faces Trial for Drugs Ordered on 'Dream Market' DECEMBER 4, 2018 5 COMMENTS A German man accused of placing two illegal orders for REE ROSC drugs on dark web marketplaces was sentenced in court. He is said to have ordered several small packages of different illegal drugs from the dark web for personal consumption and had them delivered to his home address by mail. The 40 year old man from Pemfling appeared at Chamer District ... Read More > An Overview of the ARMOR Black THE BLACK Market Quarterly Report FREEROSS.ORG MARKET NOVEMBER 19, 2018 3 COMMENTS REPORT In various parts of both the surface web and dark web, A LOOK INSIDE THE DARK WEB Bill Payment Help stolen data, malware, hacking services, and other forms of illegal products and services, are being traded almost every Reviews . Tutorials . Billers Directory day. Armor's annual Black Market report represents a peek into the dark world of cybercrime on the dark web that most regular web users do not see. The Threat Resistance Unit ... Read More >> FOLLOWERS Research: The aftermaths of Operation SUBSCRIBE FOR NEW POSTS NOTIFICATIONS Bayonet and the migration of vendors to Dream Market YOUR EMAIL HERE SUBSCRIBE ME! NOVEMBER 7, 2018 1 COMMENT In the summer of 2017, an international operation, known as Operation Bayonet, led by the FBI and the Dutch MUST READ National High Tech Crime Unit (NHTCU) targeted two popular darknet marketplaces. The FBI successfully took Updated List of Dark Net Markets down Alphabay, and the NHTCU silently took over, administered, and shut down Hansa Market. By ck Here To Buy Bitcoins With Paypal coordinating these international efforts, both agencies Dark Net Markets Comparison Chart expected vendors active on Alphabay ... Read More > Best VPN service Comparison Chart Two Indicted for Selling Cocaine and ow To Buy Drugs Online ? Marijuana on Dream Market olly Roger's Security Guide for Beginners OCTOBER 23, 2018 6 COMMENTS Multisig Guides Two California men have been selling cocaine and marijuana through several accounts on at least one Security Tutorials darkweb marketplace, according to information revealed in an eleven-count indictment returned in October. The o access 12P Site suspected darkweb drug dealers were targeted by the Northern California Illicit Digital Economy Task Force as part PGP Tutorial For Newbs ( GPA - Gp g 4 Win ) of an ongoing investigation into online drug trafficking. Eddy Steven Sandoval Lopez, age ... Read More > PGP Tutorial For Newbs ( Kleopatra - GPg4Win) PGP Tutorial For Newbs Gpg4usb Alleged Swedish Drug Market Admin Busted in Sweden Basic Guide to PGP On Linux OCTOBER 23, 2018 LEAVE A COMMENT PGP Tutorial for Osx flugsvamp According to officials from Sweden's National Unit Against International and Organized Crime, law enforcement in PGP Tutorial for TAILS Sweden arrested a man on drug charges who had allegedly How to access . on had been working as the administrator of the Swedish darkweb drug market Flugsvamp 2.0. In an interview with a ictionary Swedish news outlet, a government official speaking on behalf Sweden's National Unit Against International and Organized ... Read More >> CATEGORIE ARTICLES FEATURE Alleged Swedish Drug Market Admin MEMES & FUNNY NEWS Busted in Sweden OCTOBER 12, 2018 2 COMMENTS flugsvamp NEWS UPDATES UNCATEGORIZED According to officials from Sweden's National Unit Against International and Organized Crime, law enforcement in VIDEOS Sweden has arrested a man on drug charges who had allegedly been working as the administrator of the Swedish darkweb drug market Flugsvamp 2.0. In an interview with a POPULAR RECENT COMMENTS TAGS Swedish news outlet, a government official speaking on behalf Sweden's National Unit Against International and While Markets Get Seized: ODEN SITE- Was kog Pedophiles Launch a Organized ... Read More >> Crowdfunding Site November 9, 2014 Is your VPN Legit or Shit ? Alleged Dream Market Vendor ""5thAvenue"" Arrested in New for lame 5thAvenue (110) (4.74) Hampshire Updated : List of Dark Net Markets abled No date 12/01/2018 SEPTEMBER 20, 2018 3 COMMENTS (Tor & 12P) ctive 03/06/2018 (98 days ago) According to recently unsealed court documents in a New Hampshire court, a local couple had been selling heroin on PGP Tutorial For Newbs ( Gpg 4 Win ) the Dream darkweb market for at least eight months. Drug Enforcement Administration special agents in Florida launched the investigation in early 2018 and New Grams Grams : DarkNetMarkets Search Hampshire police arrested the suspected darkweb drug Engine drug dealers on August 27, 2018. The couple, a Drug ... Read FOLLOW US ON GOOGLE+ Gary Davis Pleads not Guilty to Helping to Run Silk Road Market SEPTEMBER 17, 2018 5 COMMENTS Gary Davis has pleaded not guilty to charges related to helping Ross Ulbricht run the infamous Silk Road market. According to a report made public, Davis also pleaded not guilty to multiple charges. These included conspiracy charges to distribute narcotics, to commit computer hacking and to commit money laundering. According to an indictment filed against him in 2013 by the ... Read More > Progress in Vienna Against Narcotics Drugs on the Dark Market DARKNET MAY 2, 2018 5 COMMENTS This March, Vienna hosted the meeting for the UN Commission on Narcotic Drugs (CND). The countries involved came together to take head-on the agenda of hindrances confounding the drug-control campaign. Among the discussed issues, and one common on American soil was the opioids menace. The discussion featured among many, fentanyl and its derivatives, whose threat is considerably unparalleled. This was ... Read More >> 2 3 4 5 % ... Last >> page 1 of 10 POPULAR POSTS RANDOM POSTS ATEST POSTS RECENT COMMENTS While Markets Get Seized: 11.04. 18 Darknet and Pedophiles Launch a 21-Year-Old Arrested as a crowdfunding site Cybercrime Roundup Result of a Dark Web D lean Jones on Abdalera Investigation kweb Drug bed e Charges is your VPN Legit or Shit ? Chemical Love Vendors Formally Charged for Drug San Francisco Man Sentence bob myers on The DEA uly 8, 2014 to 10 Years in Prison for Dark Requests Password Manager Trafficking October 21, 2016 Web Drug Trafficking for Logins and Physical Address of a Suspected Drug UpdatesiLost orpark Net Markets (Tor & 12P) on ATM cash witharkdown on OT's Liquidity as solution DEA demanded user's login credentials from LastPass Bored of readingtwice on DEA SP Tutorial For Newbs December 18 , 2018s solution credentials from LastPass jp8 4 Win ) PSA : 5 Reddit Accounts The state of the dark web. its anonymity in 2018 at_Tofiq on The New Trend: Subpoenaed by ICE Ghost Booking Ubers' & Search Engine etMarkets March 30 , 2015 Filipino Woman and 2 Interpol Claims Illegal Wildlife Americans Charged in Trade is Occurring on the Darknet Methamphetamine Web Drug Dealer 'NSWG Darknet Conspiracy slapped with More Charges June 30, 2017 April 29, 2019 DEEP.DOT.WEB ", breaking news e dark web and it anonymity in go to deepdotweb im free deepdotwvmeyds onio search menu home tag archive market visit tag archive market slot aaand it go wall street market exit scamming do aaand it g bitcoin casino not deposit review april comment up to deposit bonus the dread forum which is a popular redditlike forum on play now h everyones the dark web ha just published an interesting thread that claim that the dark net market wall street market is most likely exit scamming the story began a few week ago when the dream market the oldest standing darknet marketplace ha announced that it is shutting down accordingly the majority read more dream market marijuana vendor sentenced to prison in germany smart stay anonying april leave a comment a judge at the kleve district court sentenced three defendant for selling hundred of kilogram of marijuana warning and hashish through dream market to customer your tor usage is being throughout germany during sentencing one of the watched defendant called the drug trafficking operation the using a vpn will hide biggest mistake he had ever made the sentencing tor usage from your isp hearing marked the end of a case that began in march click here to hide tor investigator of read more the german antiblack market bill will market list availability status negatively impact legal tor user top market april leave a comment dream market a german legislative effort aimed at cracking down on illicit market online drug trading on the dark web may negatively impact the majestic garden all user of the tor network last friday germany cgmc bundesrat legislative entity passed a new bill to simplify the cannazon procedure of the prosecution of operator and user of berlusconi market black marketplace platform hosted on the dark web the agartha market new bill suggests read more core market cryptonia market empire market nightmare market dream market will permanently yellow brick market s market is shutting down on suspend operation next month and is transferring it vendor shop vice to a partner company onion dress wernidjkazxqdslonion march comment mendy offline opening soon gammagoblin dream market one of the largest darkweb marketplace of the french connection all time will be shutting down in april according to an charlieuk announcement posted by the market staff member on toyouteam march customer and vendor logged into their dream the church jor market account and found themselves unable to use the rechardsport marketplace most basic function the marketplace had dutchdrugz replaced the listing for drug stolen read more discussion forum independent dread darknet avenger a german face trial for drug the hub nonenglish or country specific ordered on dream market a dark web marketplace hydra russian rutor russian december leave a comment wayaway russian a german man accused of placing two illegal order for italian deep web drug on dark web marketplace wa sentenced in court blackmarket russian he is said to have ordered several small package of canada headquarters canadaian different illegal drug from the dark web for personal mega russian consumption and had them delivered to his home address shop russian by mail the year old man from pemfling appeared at tor market new zealand chamer district read more vitalitest check out latvian arrested for ordering darknet like to write package of drug from netherlands on dark net bitcoin enthusiast dream market we want you december comment deepdotweb a latvian teenage citizen wa arrested and detained by the border and custom police of the state revenue authority international for allegedly ordering and receiving illegal drug package service procured off the dark web the illicit package are believed to have been shipped from the netherlands and holland energy control after having been paid for with virtual currency and delivered through postal service to read more drug testing info a german face trial for drug ordered on dream market december comment a german man accused of placing two illegal order for ree rosc drug on dark web marketplace wa sentenced in court he is said to have ordered several small package of different illegal drug from the dark web for personal consumption and had them delivered to his home address by mail the year old man from pemfling appeared at chamer district read more an overview of the armor black the black market quarterly report freerossorg market november comment report in various part of both the surface web and dark web a look inside the dark web bill payment help stolen data malware hacking service and other form of illegal product and service are being traded almost every review tutorial billers directory day armor annual black market report represents a peek into the dark world of cybercrime on the dark web that most regular web user do not see the threat resistance unit read more follower research the aftermath of operation subscribe for new post notification bayonet and the migration of vendor to dream market your email here subscribe me november comment in the summer of an international operation known a operation bayonet led by the fbi and the dutch must read national high tech crime unit nhtcu targeted two popular darknet marketplace the fbi successfully took updated list of dark net market down alphabay and the nhtcu silently took over administered and shut down hansa market by ck here to buy bitcoins with paypal coordinating these international effort both agency dark net market comparison chart expected vendor active on alphabay read more best vpn service comparison chart two indicted for selling cocaine and ow to buy drug online marijuana on dream market olly rogers security guide for beginner october comment multisig guide two california men have been selling cocaine and marijuana through several account on at least one security tutorial darkweb marketplace according to information revealed in an elevencount indictment returned in october the o access p site suspected darkweb drug dealer were targeted by the northern california illicit digital economy task force a part pgp tutorial for newbs gpa gp g win of an ongoing investigation into online drug trafficking eddy steven sandoval lopez age read more pgp tutorial for newbs kleopatra gpgwin pgp tutorial for newbs gpgusb alleged swedish drug market admin busted in sweden basic guide to pgp on linux october leave a comment pgp tutorial for osx flugsvamp according to official from sweden national unit against international and organized crime law enforcement in pgp tutorial for tail sweden arrested a man on drug charge who had allegedly how to access on had been working a the administrator of the swedish darkweb drug market flugsvamp in an interview with a ictionary swedish news outlet a government official speaking on behalf sweden national unit against international and organized read more categorie article feature alleged swedish drug market admin meme funny news busted in sweden october comment flugsvamp news update uncategorized according to official from sweden national unit against international and organized crime law enforcement in video sweden ha arrested a man on drug charge who had allegedly been working a the administrator of the swedish darkweb drug market flugsvamp in an interview with a popular recent comment tag swedish news outlet a government official speaking on behalf sweden national unit against international and while market get seized oden site wa kog pedophile launch a organized read more crowdfunding site november is your vpn legit or shit alleged dream market vendor thavenue arrested in new for lame thavenue hampshire updated list of dark net market abled no date september comment tor p ctive day ago according to recently unsealed court document in a new hampshire court a local couple had been selling heroin on pgp tutorial for newbs gpg win the dream darkweb market for at least eight month drug enforcement administration special agent in florida launched the investigation in early and new gram gram darknetmarkets search hampshire police arrested the suspected darkweb drug engine drug dealer on august the couple a drug read follow u on google gary davis pleads not guilty to helping to run silk road market september comment gary davis ha pleaded not guilty to charge related to helping ross ulbricht run the infamous silk road market according to a report made public davis also pleaded not guilty to multiple charge these included conspiracy charge to distribute narcotic to commit computer hacking and to commit money laundering according to an indictment filed against him in by the read more progress in vienna against narcotic drug on the dark market darknet may comment this march vienna hosted the meeting for the un commission on narcotic drug cnd the country involved came together to take headon the agenda of hindrance confounding the drugcontrol campaign among the discussed issue and one common on american soil wa the opioids menace the discussion featured among many fentanyl and it derivative whose threat is considerably unparalleled this wa read more last page of popular post random post atest post recent comment while market get seized darknet and pedophile launch a yearold arrested a a crowdfunding site cybercrime roundup result of a dark web d lean jones on abdalera investigation kweb drug bed e charge is your vpn legit or shit chemical love vendor formally charged for drug san francisco man sentence bob myers on the dea uly to year in prison for dark request password manager trafficking october web drug trafficking for logins and physical address of a suspected drug updatesilost orpark net market tor p on atm cash witharkdown on ots liquidity a solution dea demanded user login credential from lastpass bored of readingtwice on dea sp tutorial for newbs december s solution credential from lastpass jp win psa reddit account the state of the dark web it anonymity in attofiq on the new trend subpoenaed by ice ghost booking ubers search engine etmarkets march filipino woman and interpol claim illegal wildlife american charged in trade is occurring on the darknet methamphetamine web drug dealer nswg darknet conspiracy slapped with more charge june april deepdotweb 
21,C:\Users\20522516\phd\RESEARCH\CYBER_DATASETS\DATASET_DEEP_WEB\folder_0\necessary-cumbersome-foregoing-east.png,necessary-cumbersome-foregoing-east.png,"['drugs-narcotics', 'marketplace-for-sale']", Sipulimarket Kirjaudu Rekisteroidy Hae tuotetta tai myyjaa (tyhja haku nayttaa kaikki) Hae Kategoriat LSD # iii Bentsodiatsepiinit 2 Doping 44 LSD EXPRESS Hormonit 30 - -- Muu doping 12 1 LSD 200ug- Empatogeenit 5 LSD-lappuja lappu LSD 200ug Halvin hinta: 10.00 € / 150ug/LAPPU MDMA 4 Halvin hinta: 6.00 € / kpl Halvin hinta: 10.00 € / kpl Kategoria: LSD kpl Kannabis 21 Kategoria: LSD Myyja: Express247 Kategoria: LSD Myyja: unelma3000 Yli 25 kpl jaljella Myyja: LospollosFIN Opioidit 10 Yli 25 kpl jaljella Yli 25 kpl jaljella Tuotesivu Psykedeelit Tuotesivu Tuotesivu LSD 3 Psilosybiinisienet 2 Stimulantit 18 Amfetamine 6 Kokaiini 2 Muut 9 1 BTC = 4630.76 € , sipulimarket kirjaudu rekisteroidy hae tuotetta tai myyjaa tyhja haku nayttaa kaikki hae kategoriat lsd iii bentsodiatsepiinit doping lsd express hormonit muu doping lsd ug empatogeenit lsdlappuja lappu lsd ug halvin hinta uglappu mdma halvin hinta kpl halvin hinta kpl kategoria lsd kpl kannabis kategoria lsd myyja express kategoria lsd myyja unelma yli kpl jaljella myyja lospollosfin opioidit yli kpl jaljella yli kpl jaljella tuotesivu psykedeelit tuotesivu tuotesivu lsd psilosybiinisienet stimulantit amfetamine kokaiini muut btc 
22,C:\Users\20522516\phd\RESEARCH\CYBER_DATASETS\DATASET_DEEP_WEB\folder_0\wiry-limping-tacit-class.png,wiry-limping-tacit-class.png,"['drugs-narcotics', 'LoginForms']", Dream Market Register Login 2FA Login Ichudifyeqm 4ldjj.onion Established 2013 Password Reset Username Onion mirrors [ vilpaqbrntihapth.onion New Password verified wdsgtsqkk5sk5zmqr4pc2lqdox Retype password fwgrjvw2i55kloczhqq3nvr3bm 3wyd.onion jd6yhuwciouty6gn.onion t3e6ly3uoey6x4uk.onion Withdraw PIN 7ep7acrklcmbmg6t.onion vilpaqbrntihapth.onion Captcha Code (?) igyifrhnvzla4gok.onion 1chudi fyeqm41djj . onion 6qlocfg6zqg476re.onion x3x2dwb7jigc7qoj.onion bkjcpa2kqozbrpqp.onion C8 dvzy k: xytjqcfepytpi72g.onion nhib6cwhyjsdfcsi.onion Additional Captcha k3pd243sr2rfbaho.onion Choose one of the Kd8 x In links above if the site is loading too slow. Reset Password Login with existing user C. Forum Contact Help Copyright @ 2013 by SpeedSteppers , dream market register login fa login ichudifyeqm ldjjonion established password reset username onion mirror vilpaqbrntihapthonion new password verified wdsgtsqkkskzmqrpclqdox retype password fwgrjvwikloczhqqnvrbm wydonion jdyhuwcioutygnonion telyuoeyxukonion withdraw pin epacrklcmbmgtonion vilpaqbrntihapthonion captcha code igyifrhnvzlagokonion chudi fyeqmdjj onion qlocfgzqgreonion xxdwbjigcqojonion bkjcpakqozbrpqponion c dvzy k xytjqcfepytpigonion nhibcwhyjsdfcsionion additional captcha kpdsrrfbahoonion choose one of the kd x in link above if the site is loading too slow reset password login with existing user c forum contact help copyright by speedsteppers 
23,C:\Users\20522516\phd\RESEARCH\CYBER_DATASETS\DATASET_DEEP_WEB\folder_0\determined-real-tight-comment.png,determined-real-tight-comment.png,"['finance', 'other']", Marco is the King of Deep Web You should worship Marco Mac!!! Go back to Marco Chat Imperial VISA WWU amazon SINCE 2014 mastercard. PayPal WESTION Gifts Enter Now , marco is the king of deep web you should worship marco mac go back to marco chat imperial visa wwu amazon since mastercard paypal westion gift enter now 
